
 {
    "cmTom": 0.01,
    "cmTokm": 0.00001,
    "cmToft": 0.032808,
    "cmToin": 0.393701,
    "cmToyd": 0.0109361,
    "cmTomi": 0.0000062137,
    "cmTomm": 10,
    "mTocm": 100,
    "mTokm": 0.001,
    "mToft": 3.28084,
    "mToin": 39.3701,
    "mToyd": 1.09361,
    "mTomi": 0.000621371,
    "mTomm": 1000,
    "kmTocm": 100000,
    "kmTom": 1000,
    "kmToft": 3280.84,
    "kmToin": 39370.1,
    "kmToyd": 1093.61,
    "kmTomi": 0.621371,
    "kmTomm": 1000000,
    "ftTocm": 30.48,
    "ftTom": 0.3048,
    "ftTokm": 0.0003048,
    "ftToin": 12,
    "ftToyd": 0.333333,
    "ftTomi": 0.000189394,
    "ftTomm": 304.8,
    "inTocm": 2.54,
    "inTom": 0.0254,
    "inTokm": 0.0000254,
    "inToft": 0.0833,
    "inToyd": 0.0277778,
    "inTomi": 0.000015783,
    "inTomm": 25.4,
    "ydTocm": 91.44,
    "ydTom": 0.9144,
    "ydTokm": 0.0009144,
    "ydToft": 3,
    "ydToin": 36,
    "ydTomi": 0.000568182,
    "ydTomm": 914.4,
    "miTocm": 160934,
    "miTom": 1609.34,
    "miTokm": 1.60934,
    "miToft": 5280,
    "miToin": 63360,
    "miToyd": 1760,
    "miTomm": 1609000,
    "mmTocm": 0.1,
    "mmTom": 0.001,
    "mmTokm": 0.000001,
    "mmToft": 0.00328084,
    "mmToin": 0.0393701,
    "mmToyd": 0.00109361,
    "mmTomi": 0.00000062137,
    "mgTog": 0.001,
    "mgTokg": 0.000001,
    "mgTooz": 0.000035274
}
